{"_timestamp":1.7380351234645343e+09,"train_loss":19.7052558483818,"total_flos":7.666648450459238e+16,"eval/samples_per_second":0.289,"train_runtime":39245.626,"train/learning_rate":9.75073354678846e-08,"_runtime":42532.996792751,"_wandb":{"runtime":42533},"train_samples_per_second":0.217,"eval/steps_per_second":0.145,"_step":20,"train/loss":18.8808,"train/grad_norm":0.30633744597435,"eval/runtime":3287.0332,"train/global_step":533,"eval/loss":2.376391887664795,"train_steps_per_second":0.014,"train/epoch":0.9992969299273494}