{"train/grad_norm":0.10147459805011749,"_step":13,"train/learning_rate":3.8743801652892565e-05,"_wandb":{"runtime":27413},"train/epoch":0.37393162393162394,"_timestamp":1.7393917858452835e+09,"_runtime":27410.427972673,"train/loss":2.1599,"train/global_step":700}