{"_runtime":1379.221775098,"train/loss":21.1567,"train/grad_norm":8.441762924194336,"_step":0,"train/learning_rate":0.00019242636746143058,"_timestamp":1.7374011300406742e+09,"train/global_step":50,"_wandb":{"runtime":1387},"train/epoch":0.06788866259334692}