{"_timestamp":1.73775644924413e+09,"train_steps_per_second":0.028,"train/learning_rate":3.3898305084745763e-06,"train_runtime":8850.9962,"eval/loss":1.7047958374023438,"train/epoch":1.9887640449438202,"_runtime":9460.180357742,"_step":11,"train_loss":14.85345543408003,"_wandb":{"runtime":9460},"train/grad_norm":0.5884380340576172,"train/global_step":244,"total_flos":1.9099355757072384e+16,"eval/steps_per_second":0.69,"train_samples_per_second":0.442,"train/loss":13.8304,"eval/samples_per_second":1.377,"eval/runtime":609.1198}