{"_wandb":{"runtime":25270},"total_flos":8.5718922758357e+16,"train/learning_rate":1.0098176718092566e-05,"train/loss":18.5138,"train/global_step":736,"train_samples_per_second":0.497,"eval/steps_per_second":0.948,"train/grad_norm":0.48269739747047424,"train/epoch":0.9993211133740665,"eval/loss":2.302093505859375,"eval/runtime":1554.2219,"train_steps_per_second":0.031,"_runtime":25270.000359318,"train_loss":18.878293742304262,"eval/samples_per_second":1.896,"train_runtime":23715.2936,"_timestamp":1.7374488199219856e+09,"_step":17}