{"_timestamp":1.737785653072991e+09,"total_flos":2.4280748263366656e+16,"eval/samples_per_second":2.611,"train/epoch":1.9919484702093397,"_wandb":{"runtime":8720},"train_runtime":8612.0445,"train/loss":13.9814,"eval/loss":1.7226547002792358,"train/learning_rate":6.666666666666667e-06,"_runtime":8719.807857356,"eval/runtime":106.4557,"eval/steps_per_second":1.306,"_step":14,"train_samples_per_second":0.577,"train_loss":14.386997641286543,"train/global_step":310,"train_steps_per_second":0.036,"train/grad_norm":0.4976577162742615}