{"_timestamp":1.7376026120779672e+09,"train/grad_norm":0.42686963081359863,"_step":6,"eval/samples_per_second":2.972,"train/learning_rate":7.807486631016043e-05,"train/epoch":0.6213592233009708,"eval/runtime":446.1089,"_wandb":{"runtime":2972},"train/loss":17.4784,"_runtime":2814.174358999,"eval/loss":2.1881399154663086,"train/global_step":120,"eval/steps_per_second":1.486}