{"train/epoch":0.30198446937014667,"train/learning_rate":2.160427807486631e-05,"train/grad_norm":0.20838946104049683,"_step":6,"_timestamp":1.738982115253035e+09,"train/loss":2.148,"_wandb":{"runtime":3359},"train/global_step":175,"_runtime":3353.415900381}