{"_timestamp":1.7384122295645423e+09,"train/global_step":100,"train/learning_rate":0.00019737136643255222,"train/epoch":0.10131712259371833,"total_flos":7.692808053768192e+16,"_wandb":{"runtime":2192},"train_steps_per_second":401.928,"train_samples_per_second":3215.017,"_step":4,"_runtime":2120.745929046,"train/loss":4.1983,"train_runtime":2.4557,"train_loss":0,"train/grad_norm":0.2748524844646454}