{"_timestamp":1.7382927756739717e+09,"train/epoch":0.07598784194528875,"train/learning_rate":0.00019059561128526647,"train/loss":4.677,"train/grad_norm":0.1565127670764923,"train/global_step":75,"_runtime":1480.98886653,"_step":2,"_wandb":{"runtime":1499}}