{"train/learning_rate":7.758043380140523e-08,"train_steps_per_second":0.034,"_timestamp":1.7384077776349375e+09,"eval/samples_per_second":0.995,"eval/loss":2.066011667251587,"total_flos":7.692808053768192e+16,"_step":43,"train/grad_norm":0.24621474742889404,"eval/steps_per_second":0.249,"_wandb":{"runtime":31651},"eval/runtime":2643.9947,"train_loss":4.286062965277118,"train/global_step":987,"train_samples_per_second":0.272,"_runtime":31651.193171497,"train/loss":4.1113,"train_runtime":29006.6166,"train/epoch":1}