{"_wandb":{"runtime":1899},"train/learning_rate":2.9625000000000002e-05,"_timestamp":1.7390237528560846e+09,"train/loss":2.5426,"train/global_step":25,"_runtime":1284.721152954,"train/grad_norm":0.08126745373010635,"train/epoch":0.04325259515570934,"_step":0}