dataset,metric,mean,std,min,max
reddit_finance,rouge1,0.16874850810184291,0.04748192506847731,0.05555555555555555,0.30769230769230765
reddit_finance,rouge2,0.007590605786947524,0.009967329699587881,0.0,0.047058823529411764
reddit_finance,rougeL,0.07614883837294022,0.018701870172546313,0.030769230769230767,0.13793103448275862
reddit_finance,bleu,0.0042484250704903645,0.0029485071306939105,0.0004933302713480051,0.02568795003423315
finance_qa,rouge1,0.09385301397066044,0.07318222238814365,0.0,0.27586206896551724
finance_qa,rouge2,0.012485751624845753,0.020877901501887994,0.0,0.1118881118881119
finance_qa,rougeL,0.05779243774447236,0.044775862206661396,0.0,0.1793103448275862
finance_qa,bleu,0.003886846837279174,0.0053916183084579536,0.0,0.03766703003360191
intro_conversations,rouge1,0.2070950316377769,0.05627475278493,0.06369426751592357,0.38620689655172413
intro_conversations,rouge2,0.025246207359473215,0.0226333561446819,0.0,0.11188811188811189
intro_conversations,rougeL,0.10810442825856438,0.03296869378769079,0.03821656050955414,0.20512820512820515
intro_conversations,bleu,0.0074466671685159014,0.006651569236150981,0.002053038049942038,0.04923640107494063
