{
  "run_metadata": {
    "run_id": "6b13e299",
    "timestamp": "20250305_001236",
    "model_type": "base",
    "model_name": "HuggingFaceTB/SmolLM2-1.7B-Instruct",
    "device": "cuda",
    "torch_dtype": "torch.bfloat16"
  },
  "metrics_summary": {
    "finsight_intro": {
      "rouge1": {
        "mean": 0.22148920648803594,
        "std": 0.05394438770722571,
        "min": 0.10884353741496598,
        "max": 0.3431952662721893
      },
      "rouge2": {
        "mean": 0.024186268007050465,
        "std": 0.018715053949876687,
        "min": 0.0,
        "max": 0.10256410256410256
      },
      "rougeL": {
        "mean": 0.11382605503385651,
        "std": 0.030974741141837993,
        "min": 0.039999999999999994,
        "max": 0.22499999999999998
      },
      "bleu": {
        "mean": 0.007985828590154532,
        "std": 0.006828066279188755,
        "min": 0.0025400844821779627,
        "max": 0.03890616556342539
      },
      "response_length": {
        "mean": 105.34,
        "std": 19.02641321952196,
        "min": 26,
        "max": 126
      },
      "response_financial_terms": {
        "mean": 3.06,
        "std": 2.493270943960965,
        "min": 0,
        "max": 10
      },
      "response_has_numbers": {
        "mean": 0.63,
        "std": 0.4828043081829324,
        "min": false,
        "max": true
      },
      "response_sentence_count": {
        "mean": 2.47,
        "std": 1.5585570249432645,
        "min": 1,
        "max": 11
      },
      "response_avg_word_length": {
        "mean": 5.843461427869886,
        "std": 0.3155408355189397,
        "min": 5.106194690265487,
        "max": 6.728813559322034
      },
      "response_capitalization": {
        "mean": 1.0,
        "std": 0.0,
        "min": true,
        "max": true
      },
      "response_ends_properly": {
        "mean": 1.0,
        "std": 0.0,
        "min": true,
        "max": true
      }
    },
    "reddit_finance": {
      "rouge1": {
        "mean": 0.17008973509206854,
        "std": 0.039104161363115605,
        "min": 0.08805031446540881,
        "max": 0.25503355704697983
      },
      "rouge2": {
        "mean": 0.00932240355711116,
        "std": 0.010885906778799071,
        "min": 0.0,
        "max": 0.05357142857142857
      },
      "rougeL": {
        "mean": 0.07926141710844142,
        "std": 0.017527061755764847,
        "min": 0.0404040404040404,
        "max": 0.13114754098360654
      },
      "bleu": {
        "mean": 0.004507815587479166,
        "std": 0.0027329215619894547,
        "min": 0.0005518899716166489,
        "max": 0.019338116049027354
      },
      "response_length": {
        "mean": 108.73,
        "std": 15.051813844185027,
        "min": 26,
        "max": 126
      },
      "response_financial_terms": {
        "mean": 1.93,
        "std": 1.8560980577544925,
        "min": 0,
        "max": 8
      },
      "response_has_numbers": {
        "mean": 0.51,
        "std": 0.49989998999799945,
        "min": false,
        "max": true
      },
      "response_sentence_count": {
        "mean": 2.13,
        "std": 1.0262066068779718,
        "min": 1,
        "max": 5
      },
      "response_avg_word_length": {
        "mean": 5.802904581634087,
        "std": 0.4549297487046194,
        "min": 4.730769230769231,
        "max": 8.488888888888889
      },
      "response_capitalization": {
        "mean": 1.0,
        "std": 0.0,
        "min": true,
        "max": true
      },
      "response_ends_properly": {
        "mean": 1.0,
        "std": 0.0,
        "min": true,
        "max": true
      }
    },
    "finance_qa": {
      "rouge1": {
        "mean": 0.11966598750877173,
        "std": 0.056736300509656244,
        "min": 0.028169014084507043,
        "max": 0.3424657534246575
      },
      "rouge2": {
        "mean": 0.01621349148475567,
        "std": 0.022897623257713814,
        "min": 0.0,
        "max": 0.13888888888888887
      },
      "rougeL": {
        "mean": 0.07379319976821933,
        "std": 0.0368463107726792,
        "min": 0.014598540145985403,
        "max": 0.2328767123287671
      },
      "bleu": {
        "mean": 0.005979780364966544,
        "std": 0.008371730434353583,
        "min": 0.0016851206781117775,
        "max": 0.04642017557990451
      },
      "response_length": {
        "mean": 108.97,
        "std": 8.1295202810498,
        "min": 78,
        "max": 123
      },
      "response_financial_terms": {
        "mean": 1.14,
        "std": 1.4143549766589716,
        "min": 0,
        "max": 6
      },
      "response_has_numbers": {
        "mean": 0.68,
        "std": 0.466476151587624,
        "min": false,
        "max": true
      },
      "response_sentence_count": {
        "mean": 1.97,
        "std": 0.8769834662067467,
        "min": 1,
        "max": 4
      },
      "response_avg_word_length": {
        "mean": 5.950559441439973,
        "std": 0.4257842765728976,
        "min": 5.085714285714285,
        "max": 7.17948717948718
      },
      "response_capitalization": {
        "mean": 1.0,
        "std": 0.0,
        "min": true,
        "max": true
      },
      "response_ends_properly": {
        "mean": 1.0,
        "std": 0.0,
        "min": true,
        "max": true
      }
    },
    "financial_definitions": {
      "rouge1": {
        "mean": 0.18983990442129403,
        "std": 0.060430572220209956,
        "min": 0.043795620437956206,
        "max": 0.32222222222222224
      },
      "rouge2": {
        "mean": 0.019436003051108774,
        "std": 0.020151081998852304,
        "min": 0.0,
        "max": 0.09090909090909093
      },
      "rougeL": {
        "mean": 0.09428512939064904,
        "std": 0.02709669272871734,
        "min": 0.04225352112676057,
        "max": 0.15584415584415587
      },
      "bleu": {
        "mean": 0.006110136443097169,
        "std": 0.005321715547376447,
        "min": 0.0013820394849018908,
        "max": 0.03286494727499055
      },
      "response_length": {
        "mean": 111.37,
        "std": 6.481751306552884,
        "min": 96,
        "max": 126
      },
      "response_financial_terms": {
        "mean": 1.5,
        "std": 1.7916472867168918,
        "min": 0,
        "max": 8
      },
      "response_has_numbers": {
        "mean": 0.64,
        "std": 0.48,
        "min": false,
        "max": true
      },
      "response_sentence_count": {
        "mean": 2.09,
        "std": 1.000949549178179,
        "min": 1,
        "max": 5
      },
      "response_avg_word_length": {
        "mean": 5.730623406972466,
        "std": 0.38190699109686205,
        "min": 4.670103092783505,
        "max": 7.319672131147541
      },
      "response_capitalization": {
        "mean": 1.0,
        "std": 0.0,
        "min": true,
        "max": true
      },
      "response_ends_properly": {
        "mean": 1.0,
        "std": 0.0,
        "min": true,
        "max": true
      }
    },
    "finance_conversations": {
      "rouge1": {
        "mean": 0.18758293255273129,
        "std": 0.05877800248223197,
        "min": 0.014234875444839857,
        "max": 0.30000000000000004
      },
      "rouge2": {
        "mean": 0.02336519940682242,
        "std": 0.019995340114279614,
        "min": 0.0,
        "max": 0.0703125
      },
      "rougeL": {
        "mean": 0.08687236808202116,
        "std": 0.02951651699840007,
        "min": 0.014234875444839857,
        "max": 0.16597510373443983
      },
      "bleu": {
        "mean": 0.002391865936390939,
        "std": 0.003919368937663946,
        "min": 4.718615517683908e-08,
        "max": 0.02197918143983835
      },
      "response_length": {
        "mean": 107.96,
        "std": 15.205209633543365,
        "min": 7,
        "max": 123
      },
      "response_financial_terms": {
        "mean": 2.94,
        "std": 2.415864234595976,
        "min": 0,
        "max": 9
      },
      "response_has_numbers": {
        "mean": 0.78,