{
  "run_metadata": {
    "run_id": "6f15985d",
    "timestamp": "20250222_093958",
    "model_type": "base",
    "model_name": "HuggingFaceTB/SmolLM2-1.7B-Instruct",
    "device": "cuda",
    "torch_dtype": "torch.bfloat16"
  },
  "metrics_summary": {
    "reddit_finance": {
      "rouge1": {
        "mean": 0.16874850810184291,
        "std": 0.04748192506847731,
        "min": 0.05555555555555555,
        "max": 0.30769230769230765
      },
      "rouge2": {
        "mean": 0.007590605786947524,
        "std": 0.009967329699587881,
        "min": 0.0,
        "max": 0.047058823529411764
      },
      "rougeL": {
        "mean": 0.07614883837294022,
        "std": 0.018701870172546313,
        "min": 0.030769230769230767,
        "max": 0.13793103448275862
      },
      "bleu": {
        "mean": 0.0042484250704903645,
        "std": 0.0029485071306939105,
        "min": 0.0004933302713480051,
        "max": 0.02568795003423315
      }
    },
    "finance_qa": {
      "rouge1": {
        "mean": 0.09385301397066044,
        "std": 0.07318222238814365,
        "min": 0.0,
        "max": 0.27586206896551724
      },
      "rouge2": {
        "mean": 0.012485751624845753,
        "std": 0.020877901501887994,
        "min": 0.0,
        "max": 0.1118881118881119
      },
      "rougeL": {
        "mean": 0.05779243774447236,
        "std": 0.044775862206661396,
        "min": 0.0,
        "max": 0.1793103448275862
      },
      "bleu": {
        "mean": 0.003886846837279174,
        "std": 0.0053916183084579536,
        "min": 0.0,
        "max": 0.03766703003360191
      }
    },
    "intro_conversations": {
      "rouge1": {
        "mean": 0.2070950316377769,
        "std": 0.05627475278493,
        "min": 0.06369426751592357,
        "max": 0.38620689655172413
      },
      "rouge2": {
        "mean": 0.025246207359473215,
        "std": 0.0226333561446819,
        "min": 0.0,
        "max": 0.11188811188811189
      },
      "rougeL": {
        "mean": 0.10810442825856438,
        "std": 0.03296869378769079,
        "min": 0.03821656050955414,
        "max": 0.20512820512820515
      },
      "bleu": {
        "mean": 0.0074466671685159014,
        "std": 0.006651569236150981,
        "min": 0.002053038049942038,
        "max": 0.04923640107494063
      }
    },
    "overall": {
      "rouge1": {
        "mean": 0.15656551790342677,
        "std": 0.047026641945184695,
        "min": 0.09385301397066044,
        "max": 0.2070950316377769
      },
      "rouge2": {
        "mean": 0.015107521590422163,
        "std": 0.007442460392291509,
        "min": 0.007590605786947524,
        "max": 0.025246207359473215
      },
      "rougeL": {
        "mean": 0.08068190145865899,
        "std": 0.020788387673199526,
        "min": 0.05779243774447236,
        "max": 0.10810442825856438
      },
      "bleu": {
        "mean": 0.005193979692095147,
        "std": 0.0015997156735912401,
        "min": 0.003886846837279174,
        "max": 0.0074466671685159014
      }
    }
  },
  "datasets_info": {
    "reddit_finance": {
      "size": 427
    },
    "finance_qa": {
      "size": 294
    },
    "intro_conversations": {
      "size": 200
    }
  }
}