{"train/global_step":25,"_runtime":2536.003266477,"train/loss":5.3293,"_wandb":{"runtime":4037},"train/learning_rate":0.0001666666666666667,"_timestamp":1.7384410748878825e+09,"_step":0,"train/grad_norm":0.1589973270893097,"train/epoch":0.025329280648429583}