{"train/grad_norm":1.2321542501449585,"eval/loss":2.066673994064331,"train_runtime":9053.1508,"train/loss":16.1852,"train_loss":17.615833892822266,"total_flos":2.9649354803183616e+16,"train/epoch":1.99626400996264,"eval/runtime":131.0759,"train/learning_rate":3.2761895254306285e-08,"_runtime":9184.325295568,"train_steps_per_second":0.044,"eval/steps_per_second":1.366,"eval/samples_per_second":2.731,"train/global_step":400,"_timestamp":1.7378280832363374e+09,"_wandb":{"runtime":9184},"train_samples_per_second":0.709,"_step":18}