{"eval/steps_per_second":0.179,"train/learning_rate":1.6071428571428573e-07,"eval/samples_per_second":0.716,"_runtime":26842.413303334,"train/epoch":1,"_step":26,"train_loss":2.0147388814642353,"train_steps_per_second":0.023,"train/grad_norm":0.08773350715637207,"train_samples_per_second":0.187,"total_flos":3.850804536574771e+16,"eval/runtime":2151.2119,"train/global_step":578,"_timestamp":1.739012296185237e+09,"train/loss":1.872,"eval/loss":1.8183791637420654,"_wandb":{"runtime":26842},"train_runtime":24691.8627}