{"train/epoch":0.06788866259334692,"_timestamp":1.737402945292844e+09,"train/learning_rate":0.00019242636746143058,"train/global_step":50,"train/grad_norm":8.383115768432617,"_wandb":{"runtime":1614},"_runtime":1375.643460274,"_step":0,"train/loss":21.157}