{"train/epoch":1,"eval/samples_per_second":0.08,"_timestamp":1.7381928918961854e+09,"train_steps_per_second":0.008,"train_samples_per_second":0.067,"train/learning_rate":0.0002,"eval/runtime":17001.3717,"_wandb":{"runtime":78119},"eval/steps_per_second":0.02,"train/loss":3.4731,"eval/loss":1.654811978340149,"total_flos":3.617556289536e+16,"_step":29,"train/global_step":512,"train_runtime":61107.7012,"_runtime":78118.952590919,"train/grad_norm":0.20261676609516144,"train_loss":3.5802147835493088}