{
  "run_metadata": {
    "run_id": "bdc0696d",
    "timestamp": "20250222_101401",
    "model_type": "qlora",
    "base_model": "HuggingFaceTB/SmolLM2-1.7B-Instruct",
    "adapter_path": "qlora_output",
    "device": "cuda",
    "torch_dtype": "torch.bfloat16"
  },
  "metrics_summary": {
    "reddit_finance": {
      "rouge1": {
        "mean": 0.18014469503836744,
        "std": 0.04482176010189171,
        "min": 0.07299270072992702,
        "max": 0.3103448275862069
      },
      "rouge2": {
        "mean": 0.009560513774657662,
        "std": 0.011011560255278684,
        "min": 0.0,
        "max": 0.057803468208092484
      },
      "rougeL": {
        "mean": 0.08280634993377843,
        "std": 0.017979739049147386,
        "min": 0.03468208092485549,
        "max": 0.12698412698412698
      },
      "bleu": {
        "mean": 0.005034517386927969,
        "std": 0.004278535463091881,
        "min": 0.0006648148678415026,
        "max": 0.037072973459897206
      },
      "response_length": {
        "mean": 107.825,
        "std": 11.527114773437454,
        "min": 59,
        "max": 127
      },
      "response_financial_terms": {
        "mean": 2.93,
        "std": 2.466799545970446,
        "min": 0,
        "max": 11
      },
      "response_has_numbers": {
        "mean": 0.48,
        "std": 0.4995998398718719,
        "min": false,
        "max": true
      },
      "response_sentence_count": {
        "mean": 4.37,
        "std": 2.460304859158718,
        "min": 1,
        "max": 13
      },
      "response_avg_word_length": {
        "mean": 5.38354474467437,
        "std": 0.5585071395586532,
        "min": 4.0,
        "max": 7.846153846153846
      },
      "response_capitalization": {
        "mean": 1.0,
        "std": 0.0,
        "min": true,
        "max": true
      },
      "response_ends_properly": {
        "mean": 1.0,
        "std": 0.0,
        "min": true,
        "max": true
      }
    },
    "finance_qa": {
      "rouge1": {
        "mean": 0.09725981125459054,
        "std": 0.06481529957653223,
        "min": 0.0,
        "max": 0.2692307692307693
      },
      "rouge2": {
        "mean": 0.013337320518474773,
        "std": 0.019017335614594916,
        "min": 0.0,
        "max": 0.11188811188811192
      },
      "rougeL": {
        "mean": 0.06265249718381716,
        "std": 0.039519040269477265,
        "min": 0.0,
        "max": 0.17948717948717946
      },
      "bleu": {
        "mean": 0.0052694380911423155,
        "std": 0.007315900031110802,
        "min": 0.0,
        "max": 0.06320928939071764
      },
      "response_length": {
        "mean": 107.985,
        "std": 11.673678726091445,
        "min": 54,
        "max": 126
      },
      "response_financial_terms": {
        "mean": 2.715,
        "std": 2.398702774417873,
        "min": 0,
        "max": 15
      },
      "response_has_numbers": {
        "mean": 0.825,
        "std": 0.37996710383926663,
        "min": false,
        "max": true
      },
      "response_sentence_count": {
        "mean": 1.645,
        "std": 1.1130925388304425,
        "min": 1,
        "max": 12
      },
      "response_avg_word_length": {
        "mean": 6.064785340844862,
        "std": 0.44878752074035444,
        "min": 4.743362831858407,
        "max": 7.577319587628866
      },
      "response_capitalization": {
        "mean": 1.0,
        "std": 0.0,
        "min": true,
        "max": true
      },
      "response_ends_properly": {
        "mean": 1.0,
        "std": 0.0,
        "min": true,
        "max": true
      }
    },
    "intro_conversations": {
      "rouge1": {
        "mean": 0.28314871029316463,
        "std": 0.07750085688267476,
        "min": 0.11267605633802817,
        "max": 0.5135135135135135
      },
      "rouge2": {
        "mean": 0.0674885485266259,
        "std": 0.06536198554088136,
        "min": 0.0,
        "max": 0.3576158940397351
      },
      "rougeL": {
        "mean": 0.1654353050124694,
        "std": 0.06743211725968562,
        "min": 0.06451612903225806,
        "max": 0.45945945945945943
      },
      "bleu": {
        "mean": 0.038118473104323626,
        "std": 0.048291655024591054,
        "min": 0.0026668524728555108,
        "max": 0.2535819108910859
      },
      "response_length": {
        "mean": 100.985,
        "std": 16.16306824213769,
        "min": 23,
        "max": 124
      },
      "response_financial_terms": {
        "mean": 6.76,
        "std": 3.682716388754366,
        "min": 0,
        "max": 20
      },
      "response_has_numbers": {
        "mean": 0.31,
        "std": 0.462493243193887,
        "min": false,
        "max": true
      },
      "response_sentence_count": {
        "mean": 5.405,
        "std": 2.3918559739248515,
        "min": 1,
        "max": 12
      },
      "response_avg_word_length": {
        "mean": 6.721516132549877,
        "std": 2.0383981833461373,
        "min": 4.495412844036697,
        "max": 27.869565217391305
      },
      "response_capitalization": {
        "mean": 1.0,
        "std": 0.0,
        "min": true,
        "max": true
      },
      "response_ends_properly": {
        "mean": 1.0,
        "std": 0.0,
        "min": true,
        "max": true
      }
    },
    "overall": {
      "rouge1": {
        "mean": 0.18685107219537422,
        "std": 0.07603684333870572,
        "min": 0.09725981125459054,
        "max": 0.28314871029316463
      },
      "rouge2": {
        "mean": 0.03012879427325278,
        "std": 0.02646229387511419,
        "min": 0.009560513774657662,
        "max": 0.0674885485266259
      },
      "rougeL": {
        "mean": 0.103631384043355,
        "std": 0.04446974949733946,
        "min": 0.06265249718381716,
        "max": 0.1654353050124694
      },
      "bleu": {
        "mean": 0.016140809527464637,
        "std": 0.01554085088098488,
        "min": 0.005034517386927969,
        "max": 0.038118473104323626
      },
      "response_length": {
        "mean": 105.59833333333334,
        "std": 3.2627731899243155,
        "min": 100.985,
        "max": 107.985
      },
      "response_financial_terms": {
        "mean": 4.135,
        "std": 1.8582294440317824,
        "min": 2.715,
        "max": 6.76
      },
      "response_has_numbers": {
        "mean": 0.5383333333333333,
        "std": 0.21425581802031785,
        "min": 0.31,
        "max": 0.825
      },
      "response_sentence_count": {
        "mean": 3.806666666666667,
        "std": 1.5858558852836815,
        "min": 1.645,
        "max": 5.405
      },
      "response_avg_word_length": {
        "mean": 6.0566154060230355,
        "std": 0.5462550805680575,
        "min": 5.38354474467437,
        "max": 6.721516132549877
      },
      "response_capitalization": {
        "mean": 1.0,
        "std": 0.0,
        "min": 1.0,
        "max": 1.0
      },
      "response_ends_properly": {
        "mean": 1.0,
        "std": 0.0,
        "min": 1.0,
        "max": 1.0
      }
    }
  },
  "datasets_info": {
    "reddit_finance": {
      "size": 427
    },
    "finance_qa": {
      "size": 294
    },
    "intro_conversations": {
      "size": 200
    }
  }
}