{"train/loss":1.8292,"train_samples_per_second":0.318,"train/epoch":3,"train_steps_per_second":0.04,"eval/runtime":1041.1134,"train/global_step":1293,"_timestamp":1.7401957621954098e+09,"_wandb":{"runtime":33572},"eval/loss":1.8504008054733276,"train_runtime":32532.725,"_runtime":33572.797441505,"eval/steps_per_second":0.277,"train/learning_rate":0.0002,"train/grad_norm":0.23633255064487457,"_step":48,"total_flos":9.793144832458752e+16,"eval/samples_per_second":1.105,"train_loss":2.030466185552799}