{"train/global_step":5,"train/grad_norm":0.1592029184103012,"_wandb":{"runtime":988},"train/learning_rate":1.6666666666666667e-05,"train/loss":5.4378,"_step":0,"_timestamp":1.73811100849428e+09,"train/epoch":0.005078720162519045,"_runtime":529.947940444}