{"_wandb":{"runtime":3749},"train/loss":19.3573,"train/learning_rate":0.00017840112201963535,"train/epoch":0.13577732518669383,"train/grad_norm":0.37334293127059937,"train/global_step":100,"_timestamp":1.7373889982689764e+09,"_step":1,"_runtime":2706.141727526}