{"eval/samples_per_second":1.124,"total_flos":6.519711919915008e+16,"_step":38,"eval/steps_per_second":0.282,"train_runtime":18656.9485,"eval/loss":1.9496437311172485,"train/global_step":862,"_wandb":{"runtime":19678},"train/epoch":2,"train_steps_per_second":0.046,"train/learning_rate":1.1828868342154131e-07,"eval/runtime":1022.8886,"train/loss":1.953,"_runtime":19678.260461777,"train_samples_per_second":0.37,"train_loss":2.089321025839538,"_timestamp":1.7400183025438037e+09,"train/grad_norm":0.17519167065620422}