{"train/grad_norm":0.08302959054708481,"train/epoch":0.11600928074245939,"_timestamp":1.7401612707846425e+09,"train/loss":2.6598,"train/learning_rate":3.861003861003861e-05,"_wandb":{"runtime":1002},"_runtime":919.343769157,"_step":1,"train/global_step":50}