{"train/epoch":1,"eval/samples_per_second":2.946,"train_runtime":2505.104,"train/loss":16.2132,"eval/loss":2.0603551864624023,"train_steps_per_second":0.047,"eval/runtime":272.5965,"train/global_step":117,"train/learning_rate":3.008849557522124e-05,"_timestamp":1.7376373577024717e+09,"train_loss":17.310366899539265,"_wandb":{"runtime":2778},"train/grad_norm":0.39811286330223083,"eval/steps_per_second":1.475,"_runtime":2778.786375407,"total_flos":8.646058883948544e+15,"train_samples_per_second":0.747,"_step":7}