{"train/grad_norm":0.24155564606189728,"_timestamp":1.7389479711183317e+09,"train/loss":4.949,"train/global_step":5,"train/learning_rate":0.00029732142857142853,"train/epoch":0.08620689655172414,"_wandb":{"runtime":211},"_runtime":108.536297121,"_step":0}