{"_runtime":4468.646636942,"_wandb":{"runtime":4857},"_timestamp":1.738297502932601e+09,"train/learning_rate":0.00018020142725865888,"train/loss":4.343,"_step":8,"train/epoch":0.22796352583586627,"train/global_step":225,"train/grad_norm":0.20182420313358307}