{"_timestamp":1.7401575143804529e+09,"train/grad_norm":0.1795826256275177,"train_samples_per_second":0.314,"total_flos":6.519711919915008e+16,"train_runtime":21963.8561,"train/global_step":862,"train/epoch":2,"train/loss":1.9074,"_step":38,"eval/steps_per_second":0.242,"eval/runtime":1188.9704,"train_loss":2.0753654471129663,"_wandb":{"runtime":23151},"train_steps_per_second":0.039,"eval/samples_per_second":0.967,"train/learning_rate":0.0002,"_runtime":23151.716687653,"eval/loss":1.9123344421386719}