{"train/epoch":0.12942191544434858,"_timestamp":1.7388439901703906e+09,"_runtime":1381.028518615,"train/global_step":75,"_wandb":{"runtime":1528},"train/grad_norm":0.15738938748836517,"_step":2,"train/learning_rate":0.00028931433659839715,"train/loss":3.4356}