{"train/loss":4.868,"train/learning_rate":0.0004166666666666667,"train/epoch":0.05065856129685917,"train/grad_norm":0.09145750105381012,"train/global_step":50,"_timestamp":1.738503486508895e+09,"_runtime":1014.549933351,"_step":1,"_wandb":{"runtime":1077}}