{
  "metrics_by_dataset": {
    "reddit_finance": {
      "rouge1": {
        "mean": 0.19547896565732134,
        "std": 0.04873372983592883,
        "min": 0.0909090909090909,
        "max": 0.3018867924528302
      },
      "rouge2": {
        "mean": 0.01164124371259143,
        "std": 0.01231213656357297,
        "min": 0.0,
        "max": 0.05154639175257732
      },
      "rougeL": {
        "mean": 0.08829584134199703,
        "std": 0.021349861899115218,
        "min": 0.030303030303030307,
        "max": 0.15023474178403753
      },
      "bleu": {
        "mean": 0.004844304543497648,
        "std": 0.0038439822736334,
        "min": 0.000684100990662624,
        "max": 0.0319398714210944
      },
      "response_length": {
        "mean": 108.74,
        "std": 13.744540734415247,
        "min": 