{"train/learning_rate":0.0001801462904911181,"_timestamp":1.7384477686892922e+09,"train_samples_per_second":2795.769,"_wandb":{"runtime":2914},"train_loss":0,"train/loss":3.9141,"total_flos":7.692808053768192e+16,"train/global_step":125,"train_steps_per_second":349.515,"train/epoch":0.12664640324214793,"_runtime":2820.714520012,"_step":5,"train_runtime":2.8239,"train/grad_norm":0.2504235506057739}