{"_runtime":1266.089061061,"train/learning_rate":0.00014673366834170855,"train/global_step":60,"_wandb":{"runtime":1461},"train/grad_norm":0.45841315388679504,"_timestamp":1.7377272287697382e+09,"train/epoch":0.5783132530120482,"train/loss":16.7578,"_step":1}